{
	"id": "b0f681e5-bbcb-4554-8d2d-df4a0ba40134",
	"name": "translate_api_ilps",
	"values": [
		{
			"key": "ECHO_URL",
			"value": "{{TRANSLATE_URL}}/echo",
			"enabled": true
		},
		{
			"key": "TRANSLATE_URL",
			"value": "http://localhost:4444",
			"enabled": true
		},
		{
			"key": "ILP_URL",
			"value": "https://apis.location.studio/ilp",
			"enabled": true
		},
		{
			"key": "STATUS_URL",
			"value": "{{TRANSLATE_URL}}/ilp/v1/status",
			"enabled": true
		},
		{
			"key": "CALCULATE_URL",
			"value": "{{TRANSLATE_URL}}/ilp/v1/positioning/calculate",
			"enabled": true
		},
		{
			"key": "SURVEY_SUBMIT_URL",
			"value": "{{TRANSLATE_URL}}/ilp/submission/v1.0/survey/submit",
			"enabled": true
		},
		{
			"key": "ASSISTANCE_URL",
			"value": "{{TRANSLATE_URL}}/ilp/assistance/v1.2/gnss",
			"enabled": true
		},
		{
			"key": "PROBE_SUBMIT_URL",
			"value": "{{TRANSLATE_URL}}/ilp/submission/v1.0/probe/submit",
			"enabled": true
		},
		{
			"key": "KONG_BASE_URL",
			"value": "http://localhost:8000",
			"enabled": true
		},
		{
			"key": "STATUS_URL_KONG",
			"value": "{{KONG_BASE_URL}}/positioning/v1.2/status",
			"enabled": true
		},
		{
			"key": "CALCULATE_URL_KONG",
			"value": "{{KONG_BASE_URL}}/positioning/v1.2/calculate",
			"enabled": true
		},
		{
			"key": "SURVEY_SUBMIT_URL_KONG",
			"value": "{{KONG_BASE_URL}}/submission/v1.0/survey/submit",
			"enabled": true
		},
		{
			"key": "ASSISTANCE_URL_KONG",
			"value": "{{KONG_BASE_URL}}/assistance/v1.2/gnss",
			"enabled": true
		},
		{
			"key": "APIKEYTOKEN",
			"value": "api_key",
			"enabled": true
		},
		{
			"key": "PROBE_SUBMIT_URL_KONG",
			"value": "{{KONG_BASE_URL}}/submission/v1.0/probe/submit",
			"enabled": true
		},
		{
			"key": "base64Body",
			"value": "",
			"enabled": true
		},
		{
			"key": "base64Len",
			"value": "",
			"enabled": true
		},
		{
			"key": "binaryBody",
			"value": "",
			"enabled": true
		},
		{
			"key": "binaryLen",
			"value": "",
			"enabled": true
		},
		{
			"key": "hexBody",
			"value": "",
			"enabled": true
		},
		{
			"key": "hexLen",
			"value": "",
			"enabled": true
		},
		{
			"key": "jsonBody",
			"value": "",
			"enabled": true
		},
		{
			"key": "jsonLen",
			"value": "",
			"enabled": true
		},
		{
			"key": "isoTime",
			"value": "",
			"enabled": true
		},
		{
			"key": "GEN_ILPURL",
			"value": "",
			"enabled": true
		},
		{
			"key": "ILPURL",
			"value": "",
			"enabled": true
		}
	],
	"_postman_variable_scope": "environment",
	"_postman_exported_at": "2020-04-17T06:30:40.608Z",
	"_postman_exported_using": "Postman/7.22.1"
}